{
  "config": {
    "run_name": "exp1_2",
    "out_dir": "./results",
    "seed": 55584646,
    "device": null,
    "bs_train": 128,
    "bs_test": 32,
    "batches": 100,
    "epochs": 100,
    "early_stopping": 3,
    "checkpoints": null,
    "lr": 0.001,
    "reg": 0.001,
    "filters_per_layer": [
      64
    ],
    "layers_per_block": 2,
    "pool_every": 3,
    "hidden_dims": [
      100
    ],
    "model_type": "cnn",
    "kw": {}
  },
  "results": {
    "num_epochs": 13,
    "train_loss": [
      1.5963760614395142,
      1.2623332738876343,
      1.1549450159072876,
      1.0801295042037964,
      1.011209487915039,
      0.9481207132339478,
      0.8882956504821777,
      0.8438811898231506,
      0.7844715714454651,
      0.7347339987754822,
      0.685572624206543,
      0.6391633152961731,
      0.584489107131958
    ],
    "train_acc": [
      42.946,
      55.046,
      59.042,
      61.66,
      64.188,
      66.202,
      68.214,
      70.33,
      72.18,
      74.19,
      75.624,
      77.398,
      79.332
    ],
    "test_loss": [
      1.3361457586288452,
      1.2239649295806885,
      1.2071250677108765,
      1.1054426431655884,
      1.078791856765747,
      1.0648877620697021,
      1.087562918663025,
      1.0845683813095093,
      1.0601835250854492,
      1.0556812286376953,
      1.093733787536621,
      1.0802096128463745,
      1.1201341152191162
    ],
    "test_acc": [
      52.4,
      56.47,
      57.15,
      60.53,
      61.22,
      62.26,
      62.16,
      61.71,
      62.4,
      63.42,
      62.03,
      63.18,
      62.19
    ]
  }
}