{
  "config": {
    "run_name": "exp1_1",
    "out_dir": "./results",
    "seed": 344408836,
    "device": null,
    "bs_train": 128,
    "bs_test": 32,
    "batches": 100,
    "epochs": 100,
    "early_stopping": 3,
    "checkpoints": null,
    "lr": 0.001,
    "reg": 0.001,
    "filters_per_layer": [
      32
    ],
    "layers_per_block": 2,
    "pool_every": 2,
    "hidden_dims": [
      100
    ],
    "model_type": "cnn",
    "kw": {}
  },
  "results": {
    "num_epochs": 15,
    "train_loss": [
      1.5722712278366089,
      1.2563735246658325,
      1.128786563873291,
      1.036479115486145,
      0.9573614001274109,
      0.9005947709083557,
      0.8463009595870972,
      0.8083743453025818,
      0.7660850286483765,
      0.7313464879989624,
      0.6938547492027283,
      0.6627112627029419,
      0.6281985640525818,
      0.5991316437721252,
      0.5635465979576111
    ],
    "train_acc": [
      43.516,
      55.216,
      60.212,
      63.55,
      66.44,
      68.478,
      70.448,
      71.778,
      73.366,
      74.61,
      75.848,
      76.928,
      78.156,
      79.064,
      80.414
    ],
    "test_loss": [
      2.0376064777374268,
      1.9978368282318115,
      1.9535295963287354,
      1.9336278438568115,
      1.9261269569396973,
      1.8857637643814087,
      1.8795136213302612,
      1.8747714757919312,
      1.86283540725708,
      1.8606576919555664,
      1.8582528829574585,
      1.8389276266098022,
      1.852717638015747,
      1.8389991521835327,
      1.840194582939148
    ],
    "test_acc": [
      52.75,
      57.43,
      60.6,
      61.94,
      61.6,
      66.21,
      66.49,
      65.99,
      66.87,
      66.62,
      66.4,
      68.01,
      66.35,
      67.72,
      67.7
    ]
  }
}