{
  "config": {
    "run_name": "exp1_2",
    "out_dir": "./results",
    "seed": 495493936,
    "device": null,
    "bs_train": 128,
    "bs_test": 32,
    "batches": 100,
    "epochs": 100,
    "early_stopping": 3,
    "checkpoints": null,
    "lr": 0.001,
    "reg": 0.001,
    "filters_per_layer": [
      64
    ],
    "layers_per_block": 8,
    "pool_every": 3,
    "hidden_dims": [
      100
    ],
    "model_type": "cnn",
    "kw": {}
  },
  "results": {
    "num_epochs": 4,
    "train_loss": [
      2.303328037261963,
      2.302849769592285,
      2.302738666534424,
      2.302720069885254
    ],
    "train_acc": [
      9.96,
      10.07,
      9.796,
      9.952
    ],
    "test_loss": [
      2.302868604660034,
      2.3027524948120117,
      2.302633047103882,
      2.3025970458984375
    ],
    "test_acc": [
      10.0,
      10.0,
      10.0,
      10.0
    ]
  }
}