{
  "config": {
    "run_name": "exp1_2",
    "out_dir": "./results",
    "seed": 1370538890,
    "device": null,
    "bs_train": 128,
    "bs_test": 32,
    "batches": 100,
    "epochs": 100,
    "early_stopping": 3,
    "checkpoints": null,
    "lr": 0.001,
    "reg": 0.001,
    "filters_per_layer": [
      32
    ],
    "layers_per_block": 2,
    "pool_every": 3,
    "hidden_dims": [
      100
    ],
    "model_type": "cnn",
    "kw": {}
  },
  "results": {
    "num_epochs": 10,
    "train_loss": [
      1.560500979423523,
      1.2444334030151367,
      1.1202963590621948,
      1.0472675561904907,
      0.9716708064079285,
      0.9171299934387207,
      0.870400607585907,
      0.8232641220092773,
      0.7763761281967163,
      0.7411192059516907
    ],
    "train_acc": [
      43.906,
      55.734,
      60.448,
      62.912,
      65.684,
      67.638,
      69.064,
      70.842,
      72.486,
      73.812
    ],
    "test_loss": [
      1.3190957307815552,
      1.1769626140594482,
      1.1387929916381836,
      1.0961604118347168,
      1.0820943117141724,
      1.0471621751785278,
      1.0098832845687866,
      1.012499213218689,
      1.052436351776123,
      1.0457278490066528
    ],
    "test_acc": [
      52.96,
      58.06,
      59.78,
      60.33,
      61.45,
      62.7,
      64.48,
      64.31,
      63.31,
      63.42
    ]
  }
}