{
  "config": {
    "run_name": "exp1_4",
    "out_dir": "./results",
    "seed": 2091844227,
    "device": null,
    "bs_train": 128,
    "bs_test": 32,
    "batches": 100,
    "epochs": 100,
    "early_stopping": 3,
    "checkpoints": null,
    "lr": 0.001,
    "reg": 0.001,
    "filters_per_layer": [
      64,
      128,
      256
    ],
    "layers_per_block": 8,
    "pool_every": 10,
    "hidden_dims": [
      100
    ],
    "model_type": "resnet",
    "kw": {}
  },
  "results": {
    "num_epochs": 17,
    "train_loss": [
      1.6488536596298218,
      1.3527249097824097,
      1.263559341430664,
      1.2075920104980469,
      1.1568456888198853,
      1.1187678575515747,
      1.0806689262390137,
      1.035194754600525,
      1.007956862449646,
      0.966688871383667,
      0.931947648525238,
      0.8990846276283264,
      0.8611660003662109,
      0.8267467617988586,
      0.7962580323219299,
      0.7665256261825562,
      0.7327577471733093
    ],
    "train_acc": [
      40.476,
      51.444,
      54.83,
      56.978,
      58.744,
      60.174,
      61.664,
      63.318,
      64.41,
      65.688,
      66.922,
      68.252,
      69.73,
      70.706,
      71.914,
      72.804,
      74.314
    ],
    "test_loss": [
      1.4308948516845703,
      1.2752190828323364,
      1.2454402446746826,
      1.2170135974884033,
      1.196895956993103,
      1.1519168615341187,
      1.1277673244476318,
      1.1529793739318848,
      1.0920071601867676,
      1.080118179321289,
      1.0456973314285278,
      1.0819118022918701,
      1.0533593893051147,
      1.0081419944763184,
      1.015061616897583,
      1.0243536233901978,
      1.0420327186584473
    ],
    "test_acc": [
      48.32,
      54.45,
      55.96,
      56.36,
      57.83,
      59.2,
      60.05,
      59.58,
      61.82,
      61.9,
      62.65,
      61.6,
      63.21,
      64.89,
      64.52,
      64.66,
      63.92
    ]
  }
}