{
  "config": {
    "run_name": "exp1_2",
    "out_dir": "./results",
    "seed": 876606795,
    "device": null,
    "bs_train": 128,
    "bs_test": 32,
    "batches": 100,
    "epochs": 100,
    "early_stopping": 3,
    "checkpoints": null,
    "lr": 0.001,
    "reg": 0.001,
    "filters_per_layer": [
      32
    ],
    "layers_per_block": 4,
    "pool_every": 3,
    "hidden_dims": [
      100
    ],
    "model_type": "cnn",
    "kw": {}
  },
  "results": {
    "num_epochs": 13,
    "train_loss": [
      1.6469693183898926,
      1.286911129951477,
      1.1377129554748535,
      1.0135152339935303,
      0.8938778638839722,
      0.8026493787765503,
      0.7196664810180664,
      0.644443690776825,
      0.5714315176010132,
      0.5139216184616089,
      0.4449789226055145,
      0.38851800560951233,
      0.3331243097782135
    ],
    "train_acc": [
      40.176,
      54.006,
      59.44,
      63.982,
      68.436,
      71.734,
      74.748,
      77.352,
      79.808,
      81.772,
      84.246,
      86.094,
      88.146
    ],
    "test_loss": [
      1.3697564601898193,
      1.215232253074646,
      1.1435725688934326,
      1.0348689556121826,
      0.9840778112411499,
      0.9531826972961426,
      0.9332728385925293,
      0.954259991645813,
      0.9885886311531067,
      1.0035327672958374,
      1.0458104610443115,
      1.1430617570877075,
      1.2577944993972778
    ],
    "test_acc": [
      50.81,
      56.61,
      59.38,
      62.97,
      64.97,
      66.46,
      67.54,
      67.23,
      66.79,
      67.74,
      67.12,
      65.92,
      66.1
    ]
  }
}