{
  "config": {
    "run_name": "exp1_1",
    "out_dir": "./results",
    "seed": 309037992,
    "device": null,
    "bs_train": 128,
    "bs_test": 32,
    "batches": 100,
    "epochs": 100,
    "early_stopping": 3,
    "checkpoints": null,
    "lr": 0.001,
    "reg": 0.001,
    "filters_per_layer": [
      64
    ],
    "layers_per_block": 2,
    "pool_every": 3,
    "hidden_dims": [
      100
    ],
    "model_type": "cnn",
    "kw": {}
  },
  "results": {
    "num_epochs": 16,
    "train_loss": [
      1.6954741477966309,
      1.446592092514038,
      1.3319458961486816,
      1.239134430885315,
      1.169690489768982,
      1.1211682558059692,
      1.0779250860214233,
      1.0344407558441162,
      0.9913355112075806,
      0.9500306248664856,
      0.9098299741744995,
      0.8686331510543823,
      0.8313153386116028,
      0.7887102365493774,
      0.7469518780708313,
      0.7145615816116333
    ],
    "train_acc": [
      39.354,
      48.222,
      52.132,
      55.72,
      58.01,
      59.89,
      61.46,
      62.904,
      64.692,
      66.222,
      67.612,
      69.18,
      70.49,
      71.968,
      73.3,
      74.748
    ],
    "test_loss": [
      1.491746425628662,
      1.4354296922683716,
      1.3446279764175415,
      1.265180230140686,
      1.3127057552337646,
      1.1929469108581543,
      1.1972957849502563,
      1.214917778968811,
      1.1997226476669312,
      1.1774574518203735,
      1.1926732063293457,
      1.187205195426941,
      1.2059739828109741,
      1.2610180377960205,
      1.3000900745391846,
      1.3040944337844849
    ],
    "test_acc": [
      46.54,
      48.86,
      51.75,
      53.8,
      53.95,
      56.93,
      57.32,
      56.72,
      57.35,
      58.21,
      57.88,
      58.21,
      58.36,
      56.91,
      56.57,
      56.9
    ]
  }
}