{
  "config": {
    "run_name": "exp1_3",
    "out_dir": "./results",
    "seed": 1016953965,
    "device": null,
    "bs_train": 128,
    "bs_test": 32,
    "batches": 100,
    "epochs": 100,
    "early_stopping": 3,
    "checkpoints": null,
    "lr": 0.001,
    "reg": 0.001,
    "filters_per_layer": [
      64,
      128
    ],
    "layers_per_block": 3,
    "pool_every": 3,
    "hidden_dims": [
      100
    ],
    "model_type": "cnn",
    "kw": {}
  },
  "results": {
    "num_epochs": 10,
    "train_loss": [
      1.819117546081543,
      1.3662009239196777,
      1.1798030138015747,
      1.0366414785385132,
      0.9336963891983032,
      0.852304995059967,
      0.7817659974098206,
      0.7141667604446411,
      0.6542375683784485,
      0.5993261933326721
    ],
    "train_acc": [
      33.292,
      50.568,
      57.966,
      63.146,
      66.786,
      69.646,
      72.326,
      74.782,
      76.648,
      78.746
    ],
    "test_loss": [
      1.4530348777770996,
      1.2663477659225464,
      1.1578469276428223,
      1.080220341682434,
      1.0253355503082275,
      0.9771216511726379,
      0.9228692054748535,
      0.9220374226570129,
      0.9564434885978699,
      0.9555014371871948
    ],
    "test_acc": [
      46.58,
      54.6,
      59.12,
      61.24,
      63.41,
      65.62,
      68.21,
      68.19,
      68.11,
      67.86
    ]
  }
}