{
  "config": {
    "run_name": "exp1_4",
    "out_dir": "./results",
    "seed": 1874431840,
    "device": null,
    "bs_train": 128,
    "bs_test": 32,
    "batches": 100,
    "epochs": 100,
    "early_stopping": 3,
    "checkpoints": null,
    "lr": 0.001,
    "reg": 0.001,
    "filters_per_layer": [
      32
    ],
    "layers_per_block": 32,
    "pool_every": 10,
    "hidden_dims": [
      100
    ],
    "model_type": "resnet",
    "kw": {}
  },
  "results": {
    "num_epochs": 27,
    "train_loss": [
      1.887171745300293,
      1.619989275932312,
      1.528127670288086,
      1.4645612239837646,
      1.4252898693084717,
      1.3878246545791626,
      1.3568705320358276,
      1.328354001045227,
      1.303451657295227,
      1.275269865989685,
      1.256978154182434,
      1.2406678199768066,
      1.222702145576477,
      1.203491449356079,
      1.193551778793335,
      1.1789665222167969,
      1.1683506965637207,
      1.1557221412658691,
      1.1385501623153687,
      1.1327985525131226,
      1.1202940940856934,
      1.112333059310913,
      1.0990405082702637,
      1.0938498973846436,
      1.0781148672103882,
      1.073184847831726,
      1.0646395683288574
    ],
    "train_acc": [
      30.052,
      40.556,
      44.18,
      46.75,
      48.296,
      49.82,
      51.158,
      52.186,
      53.34,
      54.308,
      54.992,
      55.542,
      56.08,
      56.916,
      57.484,
      57.928,
      58.212,
      58.798,
      59.494,
      59.53,
      60.184,
      60.514,
      60.974,
      61.078,
      61.744,
      62.096,
      62.11
    ],
    "test_loss": [
      1.6587241888046265,
      1.5644667148590088,
      1.5233049392700195,
      1.4382137060165405,
      1.388577938079834,
      1.3714933395385742,
      1.3254539966583252,
      1.343500018119812,
      1.28367018699646,
      1.272046446800232,
      1.2462235689163208,
      1.2362549304962158,
      1.2516272068023682,
      1.2236993312835693,
      1.2210814952850342,
      1.2155557870864868,
      1.193324327468872,
      1.2304573059082031,
      1.1815009117126465,
      1.1675771474838257,
      1.1798192262649536,
      1.1919147968292236,
      1.1708225011825562,
      1.153995156288147,
      1.1911052465438843,
      1.1584393978118896,
      1.1502389907836914
    ],
    "test_acc": [
      38.71,
      42.59,
      44.55,
      48.38,
      50.24,
      50.69,
      52.72,
      51.56,
      53.89,
      54.56,
      55.42,
      56.21,
      55.58,
      56.84,
      56.52,
      56.51,
      58.33,
      56.42,
      57.99,
      58.54,
      58.32,
      57.87,
      58.8,
      59.36,
      58.16,
      58.71,
      58.89
    ]
  }
}