{
  "config": {
    "run_name": "exp1_4",
    "out_dir": "./results",
    "seed": 1200797052,
    "device": null,
    "bs_train": 128,
    "bs_test": 32,
    "batches": 100,
    "epochs": 100,
    "early_stopping": 3,
    "checkpoints": null,
    "lr": 0.001,
    "reg": 0.001,
    "filters_per_layer": [
      32
    ],
    "layers_per_block": 16,
    "pool_every": 3,
    "hidden_dims": [
      100
    ],
    "model_type": "resnet",
    "kw": {}
  },
  "results": {
    "num_epochs": 18,
    "train_loss": [
      1.861031413078308,
      1.5115077495574951,
      1.365817666053772,
      1.263008952140808,
      1.1651414632797241,
      1.0759178400039673,
      0.9971437454223633,
      0.9341312050819397,
      0.8693658709526062,
      0.8144999742507935,
      0.763052761554718,
      0.7271408438682556,
      0.6978470683097839,
      0.6716745495796204,
      0.6396977305412292,
      0.6149328351020813,
      0.5905898809432983,
      0.5757982730865479
    ],
    "train_acc": [
      30.838,
      44.368,
      50.056,
      54.356,
      57.86,
      61.206,
      64.452,
      66.824,
      69.242,
      71.186,
      73.144,
      74.428,
      75.642,
      76.458,
      77.54,
      78.534,
      79.284,
      79.776
    ],
    "test_loss": [
      1.5775741338729858,
      1.3940987586975098,
      1.2751449346542358,
      1.2036911249160767,
      1.112087368965149,
      1.1298521757125854,
      1.0205695629119873,
      0.9528604745864868,
      0.8649351596832275,
      0.9122699499130249,
      0.8344842195510864,
      0.7902347445487976,
      0.8149824738502502,
      0.7895238399505615,
      0.7599382996559143,
      0.7870623469352722,
      0.746976375579834,
      0.853866696357727
    ],
    "test_acc": [
      41.49,
      48.67,
      53.51,
      56.53,
      60.06,
      59.18,
      62.93,
      65.87,
      69.99,
      67.93,
      70.72,
      72.39,
      71.19,
      72.61,
      73.78,
      73.38,
      73.78,
      71.86
    ]
  }
}