{
  "config": {
    "run_name": "exp1_1",
    "out_dir": "./results",
    "seed": 1859335071,
    "device": null,
    "bs_train": 128,
    "bs_test": 32,
    "batches": 100,
    "epochs": 100,
    "early_stopping": 3,
    "checkpoints": null,
    "lr": 0.001,
    "reg": 0.001,
    "filters_per_layer": [
      32
    ],
    "layers_per_block": 4,
    "pool_every": 2,
    "hidden_dims": [
      100
    ],
    "model_type": "cnn",
    "kw": {}
  },
  "results": {
    "num_epochs": 16,
    "train_loss": [
      1.7215852737426758,
      1.3518458604812622,
      1.206762671470642,
      1.0910438299179077,
      0.9916682839393616,
      0.9135575890541077,
      0.8487736582756042,
      0.7999359369277954,
      0.7535059452056885,
      0.7137004137039185,
      0.6840571165084839,
      0.6412254571914673,
      0.6107921600341797,
      0.5842252969741821,
      0.5492896437644958,
      0.5264712572097778
    ],
    "train_acc": [
      37.524,
      51.212,
      56.63,
      61.02,
      64.772,
      67.894,
      70.066,
      71.852,
      73.48,
      74.702,
      75.958,
      77.41,
      78.438,
      79.288,
      80.702,
      81.49
    ],
    "test_loss": [
      2.068256378173828,
      2.035789966583252,
      1.9696122407913208,
      1.9401417970657349,
      1.9090416431427002,
      1.8813354969024658,
      1.8558868169784546,
      1.8531843423843384,
      1.8453025817871094,
      1.8379894495010376,
      1.8296695947647095,
      1.8191261291503906,
      1.813954472541809,
      1.810808777809143,
      1.8212870359420776,
      1.8060046434402466
    ],
    "test_acc": [
      47.92,
      55.02,
      58.68,
      61.22,
      63.84,
      66.2,
      67.08,
      67.92,
      68.57,
      68.16,
      68.84,
      69.57,
      69.98,
      69.65,
      68.81,
      69.47
    ]
  }
}