{
  "config": {
    "run_name": "test",
    "out_dir": "./results",
    "seed": 1115939638,
    "device": null,
    "bs_train": 128,
    "bs_test": 32,
    "batches": 100,
    "epochs": 100,
    "early_stopping": 3,
    "checkpoints": null,
    "lr": 0.001,
    "reg": 0.001,
    "filters_per_layer": [
      64
    ],
    "layers_per_block": 4,
    "pool_every": 2,
    "hidden_dims": [
      100
    ],
    "model_type": "cnn",
    "kw": {}
  },
  "results": {
    "num_epochs": 16,
    "train_loss": [
      1.6756449937820435,
      1.2322250604629517,
      1.0406978130340576,
      0.9220458269119263,
      0.8368834853172302,
      0.7584259510040283,
      0.6926712989807129,
      0.6368723511695862,
      0.5812352895736694,
      0.5372483134269714,
      0.48823824524879456,
      0.45428383350372314,
      0.4054960608482361,
      0.3822481036186218,
      0.3423679769039154,
      0.3146432638168335
    ],
    "train_acc": [
      38.696,
      56.1,
      63.08,
      67.304,
      70.416,
      73.13,
      75.452,
      77.432,
      79.632,
      80.93,
      82.688,
      83.978,
      85.46,
      86.476,
      87.694,
      88.656
    ],
    "test_loss": [
      2.0443267822265625,
      1.9732478857040405,
      1.910935640335083,
      1.9033145904541016,
      1.8381086587905884,
      1.827612280845642,
      1.8151079416275024,
      1.79734468460083,
      1.7788525819778442,
      1.7770270109176636,
      1.7698999643325806,
      1.766950249671936,
      1.7579941749572754,
      1.7617497444152832,
      1.7522728443145752,
      1.7511407136917114
    ],
    "test_acc": [
      50.32,
      57.22,
      64.56,
      66.37,
      69.68,
      70.88,
      72.3,
      73.47,
      73.61,
      73.18,
      73.84,
      74.04,
      74.35,
      73.47,
      73.91,
      73.91
    ]
  }
}