{
  "config": {
    "run_name": "test",
    "out_dir": "./results",
    "seed": 1649928227,
    "device": null,
    "bs_train": 128,
    "bs_test": 32,
    "batches": 100,
    "epochs": 100,
    "early_stopping": 3,
    "checkpoints": null,
    "lr": 0.001,
    "reg": 0.001,
    "filters_per_layer": [
      64
    ],
    "layers_per_block": 2,
    "pool_every": 2,
    "hidden_dims": [
      100
    ],
    "model_type": "cnn",
    "kw": {}
  },
  "results": {
    "num_epochs": 13,
    "train_loss": [
      1.4536198377609253,
      1.093249797821045,
      0.954874575138092,
      0.877918541431427,
      0.8143424391746521,
      0.7567662596702576,
      0.7040200233459473,
      0.6571922898292542,
      0.6128466129302979,
      0.5699290037155151,
      0.5270695686340332,
      0.49050992727279663,
      0.44886311888694763
    ],
    "train_acc": [
      47.742,
      61.496,
      66.528,
      69.258,
      71.568,
      73.48,
      75.308,
      77.176,
      78.45,
      79.92,
      81.714,
      82.848,
      84.4
    ],
    "test_loss": [
      1.9910738468170166,
      1.9285252094268799,
      1.91094970703125,
      1.8840675354003906,
      1.8626753091812134,
      1.852577805519104,
      1.8566968441009521,
      1.8453943729400635,
      1.8312153816223145,
      1.8324543237686157,
      1.8259238004684448,
      1.8242813348770142,
      1.8132721185684204
    ],
    "test_acc": [
      56.46,
      63.03,
      65.35,
      67.1,
      67.98,
      68.72,
      67.91,
      68.97,
      68.48,
      69.2,
      68.01,
      68.33,
      68.85
    ]
  }
}