{
  "config": {
    "run_name": "exp1_2",
    "out_dir": "./results",
    "seed": 1975414966,
    "device": null,
    "bs_train": 128,
    "bs_test": 32,
    "batches": 100,
    "epochs": 100,
    "early_stopping": 3,
    "checkpoints": null,
    "lr": 0.001,
    "reg": 0.001,
    "filters_per_layer": [
      128
    ],
    "layers_per_block": 2,
    "pool_every": 3,
    "hidden_dims": [
      100
    ],
    "model_type": "cnn",
    "kw": {}
  },
  "results": {
    "num_epochs": 13,
    "train_loss": [
      1.6731642484664917,
      1.415845274925232,
      1.3353973627090454,
      1.26999831199646,
      1.1943446397781372,
      1.1381762027740479,
      1.0897637605667114,
      1.033091425895691,
      0.9873586893081665,
      0.9409208297729492,
      0.8934679627418518,
      0.8578935861587524,
      0.8004817366600037
    ],
    "train_acc": [
      40.07,
      49.442,
      52.206,
      54.46,
      57.138,
      59.414,
      61.364,
      63.302,
      64.846,
      66.676,
      68.286,
      69.572,
      71.886
    ],
    "test_loss": [
      1.4447705745697021,
      1.4126461744308472,
      1.3371459245681763,
      1.3146697282791138,
      1.2856411933898926,
      1.2505052089691162,
      1.2076642513275146,
      1.2048771381378174,
      1.1965751647949219,
      1.1908025741577148,
      1.2242777347564697,
      1.2262407541275024,
      1.27475905418396
    ],
    "test_acc": [
      48.36,
      48.92,
      51.5,
      52.67,
      54.36,
      55.41,
      57.18,
      57.13,
      57.55,
      58.79,
      57.88,
      57.73,
      57.04
    ]
  }
}