{
  "config": {
    "run_name": "exp1_1",
    "out_dir": "./results",
    "seed": 1000086750,
    "device": null,
    "bs_train": 128,
    "bs_test": 32,
    "batches": 100,
    "epochs": 100,
    "early_stopping": 3,
    "checkpoints": null,
    "lr": 0.001,
    "reg": 0.001,
    "filters_per_layer": [
      64
    ],
    "layers_per_block": 8,
    "pool_every": 3,
    "hidden_dims": [
      100
    ],
    "model_type": "cnn",
    "kw": {}
  },
  "results": {
    "num_epochs": 4,
    "train_loss": [
      2.3030025959014893,
      2.302731513977051,
      2.3027071952819824,
      2.302694320678711
    ],
    "train_acc": [
      9.946,
      9.918,
      9.604,
      9.826
    ],
    "test_loss": [
      2.3026070594787598,
      2.3026061058044434,
      2.3026015758514404,
      2.302597999572754
    ],
    "test_acc": [
      10.0,
      10.0,
      10.0,
      10.0
    ]
  }
}