{
  "config": {
    "run_name": "exp1_2",
    "out_dir": "./results",
    "seed": 400884538,
    "device": null,
    "bs_train": 128,
    "bs_test": 32,
    "batches": 100,
    "epochs": 100,
    "early_stopping": 3,
    "checkpoints": null,
    "lr": 0.001,
    "reg": 0.001,
    "filters_per_layer": [
      64
    ],
    "layers_per_block": 4,
    "pool_every": 3,
    "hidden_dims": [
      100
    ],
    "model_type": "cnn",
    "kw": {}
  },
  "results": {
    "num_epochs": 12,
    "train_loss": [
      1.6373292207717896,
      1.2320023775100708,
      1.0313481092453003,
      0.9131054282188416,
      0.8256216049194336,
      0.7429641485214233,
      0.6633574962615967,
      0.593576967716217,
      0.5226880311965942,
      0.4538406431674957,
      0.4044293165206909,
      0.344345360994339
    ],
    "train_acc": [
      40.398,
      55.972,
      63.43,
      67.852,
      70.804,
      74.016,
      76.64,
      79.012,
      81.608,
      84.066,
      85.534,
      87.802
    ],
    "test_loss": [
      1.293813705444336,
      1.1553908586502075,
      0.99139404296875,
      1.003793478012085,
      0.8987233638763428,
      0.8900781869888306,
      0.8314872980117798,
      0.856743574142456,
      0.8682376742362976,
      0.948569655418396,
      0.9255644679069519,
      1.0215320587158203
    ],
    "test_acc": [
      53.22,
      58.46,
      64.48,
      64.85,
      68.49,
      68.71,
      71.03,
      70.75,
      71.57,
      69.74,
      70.79,
      70.66
    ]
  }
}