{
  "config": {
    "run_name": "exp1_1",
    "out_dir": "./results",
    "seed": 1402911387,
    "device": null,
    "bs_train": 128,
    "bs_test": 32,
    "batches": 100,
    "epochs": 100,
    "early_stopping": 3,
    "checkpoints": null,
    "lr": 0.001,
    "reg": 0.001,
    "filters_per_layer": [
      32
    ],
    "layers_per_block": 16,
    "pool_every": 3,
    "hidden_dims": [
      100
    ],
    "model_type": "cnn",
    "kw": {}
  },
  "results": {
    "num_epochs": 4,
    "train_loss": [
      2.303043842315674,
      2.3029136657714844,
      2.302854061126709,
      2.3028125762939453
    ],
    "train_acc": [
      10.06,
      9.608,
      9.718,
      10.012
    ],
    "test_loss": [
      2.3027403354644775,
      2.302690029144287,
      2.302675247192383,
      2.3026509284973145
    ],
    "test_acc": [
      10.0,
      10.0,
      10.0,
      10.0
    ]
  }
}