{
  "config": {
    "run_name": "exp1_1",
    "out_dir": "./results",
    "seed": 1013343893,
    "device": null,
    "bs_train": 128,
    "bs_test": 32,
    "batches": 100,
    "epochs": 100,
    "early_stopping": 3,
    "checkpoints": null,
    "lr": 0.001,
    "reg": 0.001,
    "filters_per_layer": [
      32
    ],
    "layers_per_block": 16,
    "pool_every": 3,
    "hidden_dims": [
      100
    ],
    "model_type": "cnn",
    "kw": {}
  },
  "results": {
    "num_epochs": 4,
    "train_loss": [
      2.3033206462860107,
      2.302996873855591,
      2.3029122352600098,
      2.302800178527832
    ],
    "train_acc": [
      9.782,
      9.836,
      9.608,
      9.784
    ],
    "test_loss": [
      2.3025853633880615,
      2.302586555480957,
      2.3025872707366943,
      2.3025870323181152
    ],
    "test_acc": [
      10.0,
      10.0,
      10.0,
      10.0
    ]
  }
}