{
  "config": {
    "run_name": "exp1_2",
    "out_dir": "./results",
    "seed": 1400828215,
    "device": null,
    "bs_train": 128,
    "bs_test": 32,
    "batches": 100,
    "epochs": 100,
    "early_stopping": 3,
    "checkpoints": null,
    "lr": 0.001,
    "reg": 0.001,
    "filters_per_layer": [
      128
    ],
    "layers_per_block": 8,
    "pool_every": 3,
    "hidden_dims": [
      100
    ],
    "model_type": "cnn",
    "kw": {}
  },
  "results": {
    "num_epochs": 4,
    "train_loss": [
      2.303191661834717,
      2.3027918338775635,
      2.3027236461639404,
      2.302725315093994
    ],
    "train_acc": [
      10.128,
      9.878,
      9.71,
      9.838
    ],
    "test_loss": [
      2.3027150630950928,
      2.302645444869995,
      2.302638292312622,
      2.3026018142700195
    ],
    "test_acc": [
      10.0,
      10.0,
      10.0,
      10.0
    ]
  }
}