{
  "config": {
    "run_name": "exp1_2",
    "out_dir": "./results",
    "seed": 300137656,
    "device": null,
    "bs_train": 128,
    "bs_test": 32,
    "batches": 100,
    "epochs": 100,
    "early_stopping": 3,
    "checkpoints": null,
    "lr": 0.001,
    "reg": 0.001,
    "filters_per_layer": [
      32
    ],
    "layers_per_block": 8,
    "pool_every": 3,
    "hidden_dims": [
      100
    ],
    "model_type": "cnn",
    "kw": {}
  },
  "results": {
    "num_epochs": 4,
    "train_loss": [
      2.30306077003479,
      2.302722454071045,
      2.3027384281158447,
      2.3026928901672363
    ],
    "train_acc": [
      9.876,
      10.042,
      9.838,
      9.8
    ],
    "test_loss": [
      2.3027029037475586,
      2.3026230335235596,
      2.3026041984558105,
      2.3025963306427
    ],
    "test_acc": [
      10.0,
      10.0,
      10.0,
      10.0
    ]
  }
}