{
  "config": {
    "run_name": "exp1_1",
    "out_dir": "./results",
    "seed": 632762293,
    "device": null,
    "bs_train": 128,
    "bs_test": 32,
    "batches": 100,
    "epochs": 100,
    "early_stopping": 3,
    "checkpoints": null,
    "lr": 0.001,
    "reg": 0.001,
    "filters_per_layer": [
      32
    ],
    "layers_per_block": 8,
    "pool_every": 3,
    "hidden_dims": [
      100
    ],
    "model_type": "cnn",
    "kw": {}
  },
  "results": {
    "num_epochs": 4,
    "train_loss": [
      2.303098678588867,
      2.3028199672698975,
      2.302748680114746,
      2.302722215652466
    ],
    "train_acc": [
      9.824,
      9.778,
      9.812,
      9.676
    ],
    "test_loss": [
      2.302798271179199,
      2.302589178085327,
      2.3025970458984375,
      2.3025963306427
    ],
    "test_acc": [
      10.0,
      10.0,
      10.0,
      10.0
    ]
  }
}