{
  "config": {
    "run_name": "exp1_4",
    "out_dir": "./results",
    "seed": 782442300,
    "device": null,
    "bs_train": 128,
    "bs_test": 32,
    "batches": 100,
    "epochs": 100,
    "early_stopping": 3,
    "checkpoints": null,
    "lr": 0.001,
    "reg": 0.001,
    "filters_per_layer": [
      64,
      128,
      256
    ],
    "layers_per_block": 2,
    "pool_every": 3,
    "hidden_dims": [
      100
    ],
    "model_type": "resnet",
    "kw": {}
  },
  "results": {
    "num_epochs": 12,
    "train_loss": [
      1.5663961172103882,
      1.1470016241073608,
      0.9228982925415039,
      0.7844389081001282,
      0.6809397339820862,
      0.5994668006896973,
      0.5126113891601562,
      0.4411320090293884,
      0.38029947876930237,
      0.33113226294517517,
      0.2831161618232727,
      0.24919229745864868
    ],
    "train_acc": [
      43.256,
      59.172,
      67.282,
      72.518,
      76.276,
      79.098,
      82.058,
      84.468,
      86.76,
      88.326,
      89.84,
      91.24
    ],
    "test_loss": [
      1.2786463499069214,
      1.0151244401931763,
      0.9102809429168701,
      0.8015092015266418,
      0.7498359084129333,
      0.7703003883361816,
      0.6956920027732849,
      0.6806879639625549,
      0.676649808883667,
      0.7287870645523071,
      0.7317458391189575,
      0.7668843269348145
    ],
    "test_acc": [
      53.65,
      64.38,
      68.37,
      71.72,
      74.16,
      73.59,
      76.24,
      76.88,
      77.8,
      77.58,
      76.93,
      76.76
    ]
  }
}