{
  "config": {
    "run_name": "exp1_4",
    "out_dir": "./results",
    "seed": 25405679,
    "device": null,
    "bs_train": 128,
    "bs_test": 32,
    "batches": 100,
    "epochs": 100,
    "early_stopping": 3,
    "checkpoints": null,
    "lr": 0.001,
    "reg": 0.001,
    "filters_per_layer": [
      32
    ],
    "layers_per_block": 8,
    "pool_every": 3,
    "hidden_dims": [
      100
    ],
    "model_type": "resnet",
    "kw": {}
  },
  "results": {
    "num_epochs": 13,
    "train_loss": [
      1.6401838064193726,
      1.2438358068466187,
      1.0563592910766602,
      0.9204481840133667,
      0.8247390389442444,
      0.7484567761421204,
      0.6913149952888489,
      0.6371133327484131,
      0.5916268229484558,
      0.5545474886894226,
      0.5123307108879089,
      0.47750505805015564,
      0.45401257276535034
    ],
    "train_acc": [
      39.91,
      55.69,
      62.61,
      67.508,
      71.078,
      73.618,
      75.788,
      77.568,
      79.198,
      80.43,
      82.028,
      83.308,
      83.916
    ],
    "test_loss": [
      1.3842958211898804,
      1.1200131177902222,
      1.0175654888153076,
      0.896531343460083,
      0.8613647818565369,
      0.8120062947273254,
      0.7720758318901062,
      0.7539384961128235,
      0.7068834900856018,
      0.7022491693496704,
      0.7354681491851807,
      0.7643306255340576,
      0.7637993693351746
    ],
    "test_acc": [
      49.47,
      59.9,
      63.81,
      68.31,
      69.7,
      71.52,
      72.93,
      73.93,
      75.41,
      76.08,
      75.15,
      75.11,
      74.62
    ]
  }
}