{
  "config": {
    "run_name": "exp1_1",
    "out_dir": "./results",
    "seed": 2108558537,
    "device": null,
    "bs_train": 128,
    "bs_test": 32,
    "batches": 100,
    "epochs": 100,
    "early_stopping": 3,
    "checkpoints": null,
    "lr": 0.001,
    "reg": 0.001,
    "filters_per_layer": [
      64
    ],
    "layers_per_block": 4,
    "pool_every": 3,
    "hidden_dims": [
      100
    ],
    "model_type": "cnn",
    "kw": {}
  },
  "results": {
    "num_epochs": 10,
    "train_loss": [
      1.5924535989761353,
      1.1941001415252686,
      1.0078822374343872,
      0.8774402141571045,
      0.7786750197410583,
      0.6978904604911804,
      0.6224437952041626,
      0.5400543808937073,
      0.47193819284439087,
      0.4043797552585602
    ],
    "train_acc": [
      42.128,
      57.324,
      64.148,
      68.856,
      72.82,
      75.464,
      78.012,
      80.91,
      83.468,
      85.642
    ],
    "test_loss": [
      1.3551346063613892,
      1.16343092918396,
      1.0022989511489868,
      0.9376000165939331,
      0.8961195945739746,
      0.8913413882255554,
      0.8543453216552734,
      0.926072359085083,
      0.8860889077186584,
      0.9575016498565674
    ],
    "test_acc": [
      50.98,
      58.02,
      64.77,
      67.16,
      69.67,
      69.89,
      70.94,
      68.58,
      70.35,
      69.96
    ]
  }
}