{
  "config": {
    "run_name": "exp1_1",
    "out_dir": "./results",
    "seed": 1179098508,
    "device": null,
    "bs_train": 128,
    "bs_test": 32,
    "batches": 100,
    "epochs": 100,
    "early_stopping": 3,
    "checkpoints": null,
    "lr": 0.001,
    "reg": 0.001,
    "filters_per_layer": [
      32
    ],
    "layers_per_block": 4,
    "pool_every": 3,
    "hidden_dims": [
      100
    ],
    "model_type": "cnn",
    "kw": {}
  },
  "results": {
    "num_epochs": 13,
    "train_loss": [
      1.7146278619766235,
      1.2977796792984009,
      1.1500537395477295,
      1.0384260416030884,
      0.9374855756759644,
      0.8515985608100891,
      0.7782665491104126,
      0.7030629515647888,
      0.63737553358078,
      0.5772727131843567,
      0.5102253556251526,
      0.4531126320362091,
      0.3943260908126831
    ],
    "train_acc": [
      37.014,
      53.408,
      59.186,
      62.968,
      66.78,
      69.95,
      72.798,
      75.158,
      77.518,
      79.706,
      81.992,
      84.158,
      86.25
    ],
    "test_loss": [
      1.3876036405563354,
      1.2409231662750244,
      1.1194299459457397,
      1.0868256092071533,
      0.9898111820220947,
      0.9404804706573486,
      0.9453229308128357,
      0.9570944905281067,
      0.9552378058433533,
      0.9234055280685425,
      0.9886590242385864,
      1.0500452518463135,
      1.120203971862793
    ],
    "test_acc": [
      49.64,
      54.73,
      60.07,
      61.87,
      64.87,
      67.01,
      67.38,
      67.58,
      68.12,
      68.51,
      68.35,
      67.5,
      67.15
    ]
  }
}