{
  "config": {
    "run_name": "exp1_3",
    "out_dir": "./results",
    "seed": 1269753219,
    "device": null,
    "bs_train": 128,
    "bs_test": 32,
    "batches": 100,
    "epochs": 100,
    "early_stopping": 3,
    "checkpoints": null,
    "lr": 0.001,
    "reg": 0.001,
    "filters_per_layer": [
      64,
      128
    ],
    "layers_per_block": 4,
    "pool_every": 3,
    "hidden_dims": [
      100
    ],
    "model_type": "cnn",
    "kw": {}
  },
  "results": {
    "num_epochs": 4,
    "train_loss": [
      2.3030998706817627,
      2.3027241230010986,
      2.3027634620666504,
      2.3027219772338867
    ],
    "train_acc": [
      9.952,
      10.154,
      9.814,
      9.728
    ],
    "test_loss": [
      2.3026580810546875,
      2.3026528358459473,
      2.3025996685028076,
      2.3025975227355957
    ],
    "test_acc": [
      10.0,
      10.0,
      10.0,
      10.0
    ]
  }
}