{
  "config": {
    "run_name": "exp1_2",
    "out_dir": "./results",
    "seed": 709028156,
    "device": null,
    "bs_train": 128,
    "bs_test": 32,
    "batches": 100,
    "epochs": 100,
    "early_stopping": 3,
    "checkpoints": null,
    "lr": 0.001,
    "reg": 0.001,
    "filters_per_layer": [
      128
    ],
    "layers_per_block": 4,
    "pool_every": 3,
    "hidden_dims": [
      100
    ],
    "model_type": "cnn",
    "kw": {}
  },
  "results": {
    "num_epochs": 12,
    "train_loss": [
      1.600988507270813,
      1.195574164390564,
      1.01357102394104,
      0.8953835368156433,
      0.7961934804916382,
      0.6996853351593018,
      0.6158861517906189,
      0.5398811101913452,
      0.46582749485969543,
      0.39731791615486145,
      0.33480629324913025,
      0.28453901410102844
    ],
    "train_acc": [
      41.834,
      57.388,
      64.23,
      68.298,
      71.896,
      75.358,
      78.248,
      81.006,
      83.38,
      85.934,
      88.14,
      89.986
    ],
    "test_loss": [
      1.3872344493865967,
      1.1361654996871948,
      1.0165314674377441,
      0.9795858860015869,
      0.9195510745048523,
      0.8636835217475891,
      0.8674256801605225,
      0.9135247468948364,
      0.8809043765068054,
      0.9706036448478699,
      0.9705417156219482,
      1.0550929307937622
    ],
    "test_acc": [
      50.93,
      59.35,
      63.48,
      65.41,
      67.76,
      70.04,
      70.42,
      69.73,
      71.05,
      69.84,
      69.27,
      69.95
    ]
  }
}