{
  "config": {
    "run_name": "exp1_4",
    "out_dir": "./results",
    "seed": 508458495,
    "device": null,
    "bs_train": 128,
    "bs_test": 32,
    "batches": 100,
    "epochs": 100,
    "early_stopping": 3,
    "checkpoints": null,
    "lr": 0.001,
    "reg": 0.001,
    "filters_per_layer": [
      64,
      128,
      256
    ],
    "layers_per_block": 4,
    "pool_every": 3,
    "hidden_dims": [
      100
    ],
    "model_type": "resnet",
    "kw": {}
  },
  "results": {
    "num_epochs": 18,
    "train_loss": [
      1.8413594961166382,
      1.4227633476257324,
      1.1829787492752075,
      1.0418710708618164,
      0.9267969131469727,
      0.8413591384887695,
      0.7518174052238464,
      0.6968361139297485,
      0.6262516379356384,
      0.587103009223938,
      0.5397750735282898,
      0.5027782917022705,
      0.47130224108695984,
      0.4332934021949768,
      0.40742313861846924,
      0.3794475197792053,
      0.3558207154273987,
      0.3337501585483551
    ],
    "train_acc": [
      30.858,
      47.39,
      57.04,
      62.838,
      67.022,
      70.3,
      73.478,
      75.32,
      77.9,
      79.468,
      80.954,
      82.47,
      83.458,
      84.944,
      85.654,
      86.78,
      87.5,
      88.226
    ],
    "test_loss": [
      1.594801664352417,
      1.3306500911712646,
      1.1741955280303955,
      0.9829621911048889,
      0.8909322023391724,
      0.850523054599762,
      0.7627978920936584,
      0.838972270488739,
      0.7507758140563965,
      0.7500820159912109,
      0.6760926842689514,
      0.6487469673156738,
      0.6544744372367859,
      0.6086590886116028,
      0.5941555500030518,
      0.6914864182472229,
      0.6244292259216309,
      0.6307663321495056
    ],
    "test_acc": [
      41.81,
      51.43,
      58.03,
      65.47,
      68.53,
      70.11,
      73.65,
      71.59,
      74.79,
      74.36,
      76.46,
      77.56,
      78.05,
      79.45,
      80.1,
      78.21,
      79.27,
      79.69
    ]
  }
}