{
  "config": {
    "run_name": "exp1_1",
    "out_dir": "./results",
    "seed": 1594306149,
    "device": null,
    "bs_train": 128,
    "bs_test": 32,
    "batches": 100,
    "epochs": 100,
    "early_stopping": 3,
    "checkpoints": null,
    "lr": 0.001,
    "reg": 0.001,
    "filters_per_layer": [
      32
    ],
    "layers_per_block": 2,
    "pool_every": 3,
    "hidden_dims": [
      100
    ],
    "model_type": "cnn",
    "kw": {}
  },
  "results": {
    "num_epochs": 14,
    "train_loss": [
      1.574905276298523,
      1.2676429748535156,
      1.1623324155807495,
      1.089069128036499,
      1.0194250345230103,
      0.9658381938934326,
      0.9155429601669312,
      0.8689147233963013,
      0.8342371582984924,
      0.8035884499549866,
      0.7645271420478821,
      0.7225599884986877,
      0.6954650282859802,
      0.6634050607681274
    ],
    "train_acc": [
      43.432,
      54.894,
      58.936,
      61.48,
      64.22,
      65.916,
      67.76,
      69.514,
      70.69,
      71.826,
      73.152,
      74.558,
      75.602,
      76.768
    ],
    "test_loss": [
      1.340728759765625,
      1.2083780765533447,
      1.167626976966858,
      1.1318936347961426,
      1.0951483249664307,
      1.04404616355896,
      1.0522023439407349,
      1.0144543647766113,
      1.0430901050567627,
      0.9795633554458618,
      0.9728407263755798,
      0.9942145943641663,
      1.0341325998306274,
      1.0255749225616455
    ],
    "test_acc": [
      52.29,
      56.92,
      57.94,
      59.72,
      60.9,
      62.88,
      62.66,
      64.33,
      62.72,
      65.29,
      65.95,
      65.52,
      64.18,
      64.53
    ]
  }
}