{
  "config": {
    "run_name": "exp1_3",
    "out_dir": "./results",
    "seed": 1411402144,
    "device": null,
    "bs_train": 128,
    "bs_test": 32,
    "batches": 100,
    "epochs": 100,
    "early_stopping": 3,
    "checkpoints": null,
    "lr": 0.001,
    "reg": 0.001,
    "filters_per_layer": [
      64,
      128
    ],
    "layers_per_block": 2,
    "pool_every": 3,
    "hidden_dims": [
      100
    ],
    "model_type": "cnn",
    "kw": {}
  },
  "results": {
    "num_epochs": 10,
    "train_loss": [
      1.6218674182891846,
      1.22429621219635,
      1.0306885242462158,
      0.89313143491745,
      0.7963132858276367,
      0.6976630687713623,
      0.625819742679596,
      0.5502107739448547,
      0.48381462693214417,
      0.4255851209163666
    ],
    "train_acc": [
      40.936,
      56.12,
      63.528,
      68.296,
      72.004,
      75.332,
      78.046,
      80.47,
      82.976,
      84.94
    ],
    "test_loss": [
      1.3193191289901733,
      1.1117396354675293,
      1.0309416055679321,
      0.9394766092300415,
      0.8568170666694641,
      0.8707194328308105,
      0.8032488822937012,
      0.8267272114753723,
      0.881101667881012,
      0.9020931720733643
    ],
    "test_acc": [
      51.97,
      60.12,
      63.48,
      66.36,
      70.54,
      70.16,
      72.54,
      72.0,
      71.36,
      70.97
    ]
  }
}